Year,Month,Barguna,Netrokona,Joypurhat,Mymensingh
2015,Jan,1.35,7.475,7.33,13.15
2015,Feb,1.45,7.33875,7.745,16.9375
2015,Mar,1.564,8.142,8.134,17.12
2015,Apr,1.6425,7.1925,8.2675,17.3
2015,May,1.475,5.21625,8.1475,14.875
2015,Jun,1.24,3.818,7.878,13.08
2015,Jul,0.6125,2.42375,7.5225,11.3
2015,Aug,0.45,2.516,6.75,9.9
2015,Sep,0.5125,2.0825,5.97,8.875
2015,Oct,0.605,2.3775,6.03,8.675
2015,Nov,0.7225,3.872,6.372,8.84
2015,Dec,1.075,4.99375,6.57,10.625
2016,Jan,1.2,5.92625,6.835,13.25
2016,Feb,1.306,7.154,7.238,15.05
2016,Mar,1.3675,7.74875,7.9725,16.6875
2016,Apr,1.4175,6.5625,8.2525,17.625
2016,May,1.36,4.409,8.486,15.5
2016,Jun,0.5875,3.305,8.3275,13.95
2016,Jul,0.4,2.11,8.3825,
2016,Aug,0.36,,7.948,
2016,Sep,0.4625,,7.63,9.5375
2016,Oct,0.65,2.688,6.54,9.25
2016,Nov,0.6275,4.05,6.52,9.075
2016,Dec,0.65,4.98,7.1075,
2017,Jan,1.16,6.796,,15.55
2017,Feb,1.5,8.0475,,18.5
2017,Mar,1.325,7.885,8.16,19.6
2017,Apr,1.25,5.8575,8.2625,16.6125
2017,May,1.22,3.548,8.248,13.29
2017,Jun,0.725,1.8875,8.1175,11.3875
2017,Jul,0.322,1.85,7.574,10.625
2017,Aug,0.3525,1.56125,7.075,8.45
2017,Sep,0.5,1.72125,5.8725,8.15
2017,Oct,0.554,2.027,6.046,7.77
2017,Nov,0.7875,3.1475,6.145,7.675
2017,Dec,0.7875,3.7625,6.16,7.8875
2018,Jan,1.03,4.658,6.412,11.71
2018,Feb,1.245,6.7225,6.9225,14.3125
2018,Mar,1.4625,7.64125,7.685,17.5
2018,Apr,1.614,6.52,8.058,16.2
2018,May,1.065,4.11625,8.0325,12.9
2018,Jun,0.45,2.555,7.8775,10.925
2018,Jul,0.5,2.253,7.476,10.06
2018,Aug,0.35,2.3875,6.9625,9.575
2018,Sep,0.525,2.28625,6.465,9.375
2018,Oct,0.646,2.937,6.372,9.12
2018,Nov,0.785,4.14625,6.7075,9.225
2018,Dec,1.036,4.697,6.84,9.86
2019,Jan,1.2875,6.1825,7.2125,13.3125
2019,Feb,1.4125,7.345,7.97,17.8
2019,Mar,1.2875,7.7,8.23,18.85
2019,Apr,1.24,7.247,8.374,18.49
2019,May,1.1875,5.36625,8.4175,16.875
2019,Jun,0.9125,3.1925,8.1725,14.75
2019,Jul,0.568,1.964,8.208,12.652
2019,Aug,0.38,2.3375,7.9775,11.25
2019,Sep,0.366,3.654,7.786666667,10.47
2019,Oct,0.4875,4.2525,7.33,9.95
2019,Nov,0.6125,3.19,6.875,9.675
2019,Dec,1.024,4.204,6.926,9.56
2020,Jan,0.875,6.01875,7.03,11.0625
2020,Feb,0.925,6.93375,7.3075,15.975
2020,Mar,1.222,8.709,7.664,18.03
2020,Apr,1.3625,7.545,8.0525,19.1
2020,May,0.9875,5.8525,8.1475,17.45
2020,Jun,0.52,2.84,8.306,14.375
2020,Jul,0.3,1.1925,8.0725,12.1625
2020,Aug,0.332,1.634,7.614,10.79
2020,Sep,0.3675,1.65125,6.965,9.75
2020,Oct,0.4475,2.27,6.45,9.275
2020,Nov,0.576,3.007,5.788,9.4
2020,Dec,0.85,4.22625,6.0925,9.66
2021,Jan,1.1375,5.66625,6.4625,13.575
2021,Feb,1.285,7.11625,6.985,17.0025
2021,Mar,1.39,7.771,7.578,20.1
2021,Apr,1.54,7.0475,7.9975,20.6875
2021,May,1.552,5.959,8.272,17.62
2021,Jun,0.8975,3.54625,8.2875,14.3625
2021,Jul,0.4533,1.81,8.1525,13.025
2021,Aug,0.275,1.646,7.934,11.79
2021,Sep,0.41,1.825,7.7025,11.25
2021,Oct,0.3825,2.6675,7.43,10.825
2021,Nov,0.554,3.725,7.126,10.91
2021,Dec,0.775,4.835,6.82,10.75
2022,Jan,0.9375,6.353,6.914,16.086
2022,Feb,1.2625,7.68875,7.225,18.2
2022,Mar,1.4625,8.53125,7.4425,21.8
2022,Apr,1.6175,7.7025,7.83,22.15
2022,May,1.05,5.302,8.314,18.38
2022,Jun,0.7,2.51375,8.2725,15.25
2022,Jul,0.54,2.21625,8.07,13.8
2022,Aug,0.386,2.301,7.908,13.92
2022,Sep,0.4275,2.22375,7.87,12.96666667
2022,Oct,0.352,2.763,7.638,12.3
2022,Nov,0.395,3.65625,7.355,11.575
2022,Dec,0.516666667,4.25875,7.0825,11.5125
2023,Jan,,6.288,7.254,14.1
2023,Feb,,8.11875,7.5925,18.525
2023,Mar,,7.78375,7.925,19.41
2023,Apr,,6.6175,8.24,19.5875
2023,May,,5.816,8.572,17.67
2023,Jun,1.325,5.52,8.885,16.0375
2023,Jul,0.365,2.845,9.028,14.72
2023,Aug,,2.195,8.7325,13.95
2023,Sep,0.2225,2.17125,8.555,13.2375
2023,Oct,,2.116,8.565,12.04
2023,Nov,,3.50125,8.7075,11.175
2023,Dec,0.8275,4.24875,8.65,11.55
2024,Jan,1.234,5.557,8.44,14.5
2024,Feb,1.4325,6.075,8.51,17.75
2024,Mar,1.67,6.49,8.81,19.3
2024,Apr,1.892,6.916,9.148,19.14
2024,May,1.91,5.9825,9.4625,18.8
2024,Jun,1.28,4.3725,9.5025,17.4
2024,Jul,0.594,1.933333333,9.36,
2024,Aug,0.295,1.6,9.2275,
2024,Sep,0.3567,2.218,9.088,
2024,Oct,,1.555,8.98,
2024,Nov,,,,
2024,Dec,,,,
